STRUCTURE,STRUCTURE_ID,STRUCTURE_NAME,ACTION,FREQ,Frequency,INDICATOR,Indicator,GEO_PICT,Pacific Island Countries and territories,SEX,Sex,AGE,Age,URBANIZATION,Urbanization,INCOME,Income,EDUCATION,Education level,OCCUPATION,Occupation,COMPOSITE_BREAKDOWN,Composite breakdown,DISABILITY,Disability,TIME_PERIOD,Time,OBS_VALUE,Observation value,UNIT_MEASURE,Unit of measure,REPORTING_TYPE,Reporting type,NATURE,Nature,DATA_SOURCE,Data source,OBS_STATUS,Observation Status,OBS_COMMENT,Comment
DATAFLOW,SPC:DF_BP50(1.0),Blue Pacific 2050 (all),I,A,Annual,SH_STA_MALR,"Malaria incidence per 1,000 population at risk",NC,New Caledonia,_T,Total,_T,All ages,_T,National,_T,Total,_T,All education levels,_T,All occupations,_Z,Not applicable,_T,No breakdown by disability,2019,,0,,PER_1000_POP,"per 1,000 population",G,Global,_X,Not Available,,,,,,
DATAFLOW,SPC:DF_BP50(1.0),Blue Pacific 2050 (all),I,A,Annual,SH_SAN_SAFE,"Proportion of population using safely managed sanitation
            services",KI,Kiribati,_T,Total,_T,All ages,R,Rural,_T,Total,_T,All education levels,_T,All occupations,_Z,Not applicable,_T,No breakdown by disability,2022,,25.05,,PERCENT,percent,G,Global,_X,Not Available,,,,,,
DATAFLOW,SPC:DF_BP50(1.0),Blue Pacific 2050 (all),I,A,Annual,SH_STA_MALR,"Malaria incidence per 1,000 population at risk",TV,Tuvalu,_T,Total,_T,All ages,_T,National,_T,Total,_T,All education levels,_T,All occupations,_Z,Not applicable,_T,No breakdown by disability,2019,,0,,PER_1000_POP,"per 1,000 population",G,Global,_X,Not Available,,,,,,
DATAFLOW,SPC:DF_BP50(1.0),Blue Pacific 2050 (all),I,A,Annual,SH_H2O_IMPR,Population using an improved drinking water source,NC,New Caledonia,_T,Total,_T,All ages,_T,National,_T,Total,_T,All education levels,_T,All occupations,_Z,Not applicable,_T,No breakdown by disability,2015,,97.07,,RATIO_POP,ratio to total population,G,Global,E,Estimated,"WHO/UNICEF Joint Monitoring Programme for Water Supply, Sanitation and Hygiene (2017)",,,,,
DATAFLOW,SPC:DF_BP50(1.0),Blue Pacific 2050 (all),I,A,Annual,SH_H2O_IMPR,Population using an improved drinking water source,TV,Tuvalu,_T,Total,_T,All ages,_T,National,_T,Total,_T,All education levels,_T,All occupations,_Z,Not applicable,_T,No breakdown by disability,2016,,99.9,,RATIO_POP,ratio to total population,N,National,C,Country Data,"Tuvalu NSO, 2016 HIES Main source of water - including shared tanks.",,,,,
DATAFLOW,SPC:DF_BP50(1.0),Blue Pacific 2050 (all),I,A,Annual,BPI_MANAP1,Compulsory physical education in school curriculum,PF,French Polynesia,_T,Total,_T,All ages,_T,National,_T,Total,_T,All education levels,_T,All occupations,_Z,Not applicable,_T,No breakdown by disability,2021,,6,,N,units,R,Regional,C,Country Data,Pacific Mana Dashboard https://pacificdata.org/health-dashboard,,,,,
DATAFLOW,SPC:DF_BP50(1.0),Blue Pacific 2050 (all),I,A,Annual,SH_ALC_CONSPT,"Alcohol consumption per capita (aged 15 years and older) within
            a calendar year",NU,Niue,_T,Total,_T,All ages,_T,National,_T,Total,_T,All education levels,_T,All occupations,_Z,Not applicable,_T,No breakdown by disability,2020,,8.96,,LITRES_PURE_ALCOHOL,litres pure alcohol,G,Global,_X,Not Available,,,,,Data is for 2020 only; it is not a three-year average.,
DATAFLOW,SPC:DF_BP50(1.0),Blue Pacific 2050 (all),I,A,Annual,SH_STA_BRTC,Proportion of births attended by skilled health personnel,KI,Kiribati,_T,Total,_T,All ages,_T,National,_T,Total,_T,All education levels,_T,All occupations,_Z,Not applicable,_T,No breakdown by disability,2018,,92,,PERCENT,percent,N,National,C,Country Data,"Kiribati National Statistics Office, Kiribati Social Development Indicator Survey 2018-19",,,,,
DATAFLOW,SPC:DF_BP50(1.0),Blue Pacific 2050 (all),I,A,Annual,SH_SAN_SAFE,"Proportion of population using safely managed sanitation
            services",TV,Tuvalu,_T,Total,_T,All ages,U,Urban,_T,Total,_T,All education levels,_T,All occupations,_Z,Not applicable,_T,No breakdown by disability,2022,,34.7,,PERCENT,percent,G,Global,_X,Not Available,,,,,,
DATAFLOW,SPC:DF_BP50(1.0),Blue Pacific 2050 (all),I,A,Annual,SH_STA_WASH,"Mortality rate attributed to unsafe water, unsafe sanitation
            and lack of hygiene",PW,Palau,_T,Total,_T,All ages,_T,National,_T,Total,_T,All education levels,_T,All occupations,_Z,Not applicable,_T,No breakdown by disability,2012,,4.8,,PER_100000_POP,"per 100,000 population",G,Global,E,Estimated,"Global Health Observatory (GHO), World Health Organisation (WHO)",,,,,
DATAFLOW,SPC:DF_BP50(1.0),Blue Pacific 2050 (all),I,A,Annual,BPI_MANAF5,Healthy food policies in schools,NR,Nauru,_T,Total,_T,All ages,_T,National,_T,Total,_T,All education levels,_T,All occupations,_Z,Not applicable,_T,No breakdown by disability,2021,,5,,N,units,R,Regional,C,Country Data,Pacific Mana Dashboard https://pacificdata.org/health-dashboard,,,,,
DATAFLOW,SPC:DF_BP50(1.0),Blue Pacific 2050 (all),I,A,Annual,SH_SAN_SAFE,"Proportion of population using safely managed sanitation
            services",WS,Samoa,_T,Total,_T,All ages,U,Urban,_T,Total,_T,All education levels,_T,All occupations,_Z,Not applicable,_T,No breakdown by disability,2022,,36.74,,PERCENT,percent,G,Global,_X,Not Available,,,,,,
DATAFLOW,SPC:DF_BP50(1.0),Blue Pacific 2050 (all),I,A,Annual,SH_STA_BRTC,Proportion of births attended by skilled health personnel,PG,Papua New Guinea,_T,Total,_T,All ages,_T,National,_T,Total,_T,All education levels,_T,All occupations,_Z,Not applicable,_T,No breakdown by disability,2018,,56.4,,PERCENT,percent,N,National,C,Country Data,"Papua New Guinea Demographic and Health Survey 2016-18. National Statistical Office (NSO) [Papua New Guinea]; 2019. ",,,,,
DATAFLOW,SPC:DF_BP50(1.0),Blue Pacific 2050 (all),I,A,Annual,SH_TBS_INCD,Tuberculosis incidence,FM,Micronesia (Federated States of),_T,Total,_T,All ages,_T,National,_T,Total,_T,All education levels,_T,All occupations,_Z,Not applicable,_T,No breakdown by disability,2023,,234,,PER_100000_POP,"per 100,000 population",G,Global,_X,Not Available,,,,,,
DATAFLOW,SPC:DF_BP50(1.0),Blue Pacific 2050 (all),I,A,Annual,BPI_MANAF5,Healthy food policies in schools,PG,Papua New Guinea,_T,Total,_T,All ages,_T,National,_T,Total,_T,All education levels,_T,All occupations,_Z,Not applicable,_T,No breakdown by disability,2021,,3,,N,units,R,Regional,C,Country Data,Pacific Mana Dashboard https://pacificdata.org/health-dashboard,,,,,
DATAFLOW,SPC:DF_BP50(1.0),Blue Pacific 2050 (all),I,A,Annual,SH_TBS_INCD,Tuberculosis incidence,MH,Marshall Islands,_T,Total,_T,All ages,_T,National,_T,Total,_T,All education levels,_T,All occupations,_Z,Not applicable,_T,No breakdown by disability,2023,,692,,PER_100000_POP,"per 100,000 population",G,Global,_X,Not Available,,,,,,
DATAFLOW,SPC:DF_BP50(1.0),Blue Pacific 2050 (all),I,A,Annual,SH_STA_MALR,"Malaria incidence per 1,000 population at risk",CK,Cook Islands,_T,Total,_T,All ages,_T,National,_T,Total,_T,All education levels,_T,All occupations,_Z,Not applicable,_T,No breakdown by disability,2019,,0,,PER_1000_POP,"per 1,000 population",G,Global,_X,Not Available,,,,,,
DATAFLOW,SPC:DF_BP50(1.0),Blue Pacific 2050 (all),I,A,Annual,SH_SAN_SAFE,"Proportion of population using safely managed sanitation
            services",FJ,Fiji,_T,Total,_T,All ages,R,Rural,_T,Total,_T,All education levels,_T,All occupations,_Z,Not applicable,_T,No breakdown by disability,2022,,57.33,,PERCENT,percent,G,Global,_X,Not Available,,,,,,
DATAFLOW,SPC:DF_BP50(1.0),Blue Pacific 2050 (all),I,A,Annual,SPC_3_8_1,Coverage of essential health services,VU,Vanuatu,_T,Total,_T,All ages,_T,National,_T,Total,_T,All education levels,_T,All occupations,_Z,Not applicable,_T,No breakdown by disability,2021,,46.99,,INDEX,index,G,Global,_X,Not Available,,,,,,
DATAFLOW,SPC:DF_BP50(1.0),Blue Pacific 2050 (all),I,A,Annual,SH_STA_BRTC,Proportion of births attended by skilled health personnel,SB,Solomon Islands,_T,Total,_T,All ages,_T,National,_T,Total,_T,All education levels,_T,All occupations,_Z,Not applicable,_T,No breakdown by disability,2015,,86.5,,PERCENT,percent,G,Global,C,Country Data,"Solomon Islands National Statistics Office, Solomon Islands Ministry of Health and Medical Services (SIMoHMS), Pacific Community (SPC), Australian Aid, United Nations Children’s Fund (UNICEF) . Solomon Islands Demographic and Health Survey 2015. Noumea: SPC; 2017. ",,,,,
DATAFLOW,SPC:DF_BP50(1.0),Blue Pacific 2050 (all),I,A,Annual,BPI_MANAP1,Compulsory physical education in school curriculum,NC,New Caledonia,_T,Total,_T,All ages,_T,National,_T,Total,_T,All education levels,_T,All occupations,_Z,Not applicable,_T,No breakdown by disability,2021,,6,,N,units,R,Regional,C,Country Data,Pacific Mana Dashboard https://pacificdata.org/health-dashboard,,,,,
DATAFLOW,SPC:DF_BP50(1.0),Blue Pacific 2050 (all),I,A,Annual,SH_H2O_IMPR,Population using an improved drinking water source,VU,Vanuatu,_T,Total,_T,All ages,R,Rural,_T,Total,_T,All education levels,_T,All occupations,_Z,Not applicable,_T,No breakdown by disability,2013,,85.6,,RATIO_POP,ratio to total population,N,National,C,Country Data,"Vanuatu NSO, Demographic and Health Survey 2013. (2014)",,,,,
DATAFLOW,SPC:DF_BP50(1.0),Blue Pacific 2050 (all),I,A,Annual,SH_H2O_IMPR,Population using an improved drinking water source,KI,Kiribati,_T,Total,_T,All ages,_T,National,_T,Total,_T,All education levels,_T,All occupations,_Z,Not applicable,_T,No breakdown by disability,2018,,82.3,,PERCENT,percent,N,National,C,Country Data,"Kiribati National Statistics Office, Kiribati Social Development Indicator Survey 2018-19",,,,,
DATAFLOW,SPC:DF_BP50(1.0),Blue Pacific 2050 (all),I,A,Annual,SH_H2O_IMPR,Population using an improved drinking water source,KI,Kiribati,_T,Total,_T,All ages,U,Urban,_T,Total,_T,All education levels,_T,All occupations,_Z,Not applicable,_T,No breakdown by disability,2018,,96.5,,PERCENT,percent,N,National,C,Country Data,"Kiribati National Statistics Office, Kiribati Social Development Indicator Survey 2018-19",,,,,
DATAFLOW,SPC:DF_BP50(1.0),Blue Pacific 2050 (all),I,A,Annual,BPI_MANAF5,Healthy food policies in schools,NU,Niue,_T,Total,_T,All ages,_T,National,_T,Total,_T,All education levels,_T,All occupations,_Z,Not applicable,_T,No breakdown by disability,2021,,6,,N,units,R,Regional,C,Country Data,Pacific Mana Dashboard https://pacificdata.org/health-dashboard,,,,,
DATAFLOW,SPC:DF_BP50(1.0),Blue Pacific 2050 (all),I,A,Annual,BPI_MANAP1,Compulsory physical education in school curriculum,PW,Palau,_T,Total,_T,All ages,_T,National,_T,Total,_T,All education levels,_T,All occupations,_Z,Not applicable,_T,No breakdown by disability,2021,,3,,N,units,R,Regional,C,Country Data,Pacific Mana Dashboard https://pacificdata.org/health-dashboard,,,,,
DATAFLOW,SPC:DF_BP50(1.0),Blue Pacific 2050 (all),I,A,Annual,SH_STA_WASH,"Mortality rate attributed to unsafe water, unsafe sanitation
            and lack of hygiene",CK,Cook Islands,_T,Total,_T,All ages,_T,National,_T,Total,_T,All education levels,_T,All occupations,_Z,Not applicable,_T,No breakdown by disability,2012,,0,,PER_100000_POP,"per 100,000 population",G,Global,E,Estimated,"Global Health Observatory (GHO), World Health Organisation (WHO)",,,,,
DATAFLOW,SPC:DF_BP50(1.0),Blue Pacific 2050 (all),I,A,Annual,SH_H2O_IMPR,Population using an improved drinking water source,VU,Vanuatu,_T,Total,_T,All ages,U,Urban,_T,Total,_T,All education levels,_T,All occupations,_Z,Not applicable,_T,No breakdown by disability,2013,,97.9,,RATIO_POP,ratio to total population,N,National,C,Country Data,"Vanuatu NSO, Demographic and Health Survey 2013. (2014)",,,,,
DATAFLOW,SPC:DF_BP50(1.0),Blue Pacific 2050 (all),I,A,Annual,BPI_MANAF5,Healthy food policies in schools,SB,Solomon Islands,_T,Total,_T,All ages,_T,National,_T,Total,_T,All education levels,_T,All occupations,_Z,Not applicable,_T,No breakdown by disability,2021,,2,,N,units,R,Regional,C,Country Data,Pacific Mana Dashboard https://pacificdata.org/health-dashboard,,,,,
DATAFLOW,SPC:DF_BP50(1.0),Blue Pacific 2050 (all),I,A,Annual,SH_STA_MALR,"Malaria incidence per 1,000 population at risk",SB,Solomon Islands,_T,Total,_T,All ages,_T,National,_T,Total,_T,All education levels,_T,All occupations,_Z,Not applicable,_T,No breakdown by disability,2020,,167,,PER_1000_POP,"per 1,000 population",G,Global,CA,Country Adjusted,World malaria report 2021. Geneva: World Health Organization; 2021.,,,,,
DATAFLOW,SPC:DF_BP50(1.0),Blue Pacific 2050 (all),I,A,Annual,SH_TBS_INCD,Tuberculosis incidence,VU,Vanuatu,_T,Total,_T,All ages,_T,National,_T,Total,_T,All education levels,_T,All occupations,_Z,Not applicable,_T,No breakdown by disability,2023,,41,,PER_100000_POP,"per 100,000 population",G,Global,_X,Not Available,,,,,,
DATAFLOW,SPC:DF_BP50(1.0),Blue Pacific 2050 (all),I,A,Annual,SH_STA_BRTC,Proportion of births attended by skilled health personnel,VU,Vanuatu,_T,Total,_T,All ages,_T,National,_T,Total,_T,All education levels,_T,All occupations,_Z,Not applicable,_T,No breakdown by disability,2023,,90.9,,PERCENT,percent,N,National,C,Country Data,Vanuatu Bureau of Statistics. Vanuatu Multiple Indicator Cluster Survey 2023: Survey Findings Report. Port Vila (Vanuatu): Vanuatu Bureau of Statistics; 2024. Available from: https://mics.unicef.org/sites/mics/files/2024-08/Vanuatu%202023%20MICS_English.pdf,,,,,
DATAFLOW,SPC:DF_BP50(1.0),Blue Pacific 2050 (all),I,A,Annual,SH_STA_BRTC,Proportion of births attended by skilled health personnel,NC,New Caledonia,_T,Total,_T,All ages,_T,National,_T,Total,_T,All education levels,_T,All occupations,_Z,Not applicable,_T,No breakdown by disability,2014,,98.2,,PERCENT,percent,N,National,C,Country Data,Nouvelle-Calédonie. R?seau Perinatalite,,,,,
DATAFLOW,SPC:DF_BP50(1.0),Blue Pacific 2050 (all),I,A,Annual,SH_STA_MALR,"Malaria incidence per 1,000 population at risk",PF,French Polynesia,_T,Total,_T,All ages,_T,National,_T,Total,_T,All education levels,_T,All occupations,_Z,Not applicable,_T,No breakdown by disability,2019,,0,,PER_1000_POP,"per 1,000 population",G,Global,_X,Not Available,,,,,,
DATAFLOW,SPC:DF_BP50(1.0),Blue Pacific 2050 (all),I,A,Annual,SH_H2O_IMPR,Population using an improved drinking water source,PF,French Polynesia,_T,Total,_T,All ages,_T,National,_T,Total,_T,All education levels,_T,All occupations,_Z,Not applicable,_T,No breakdown by disability,2012,,100,,RATIO_POP,ratio to total population,N,National,C,Country Data,"Polynesie francaise. Institut de la Statistique de la Polynesie Francaise, recensement",,,,,
DATAFLOW,SPC:DF_BP50(1.0),Blue Pacific 2050 (all),I,A,Annual,SH_ALC_CONSPT,"Alcohol consumption per capita (aged 15 years and older) within
            a calendar year",TO,Tonga,_T,Total,_T,All ages,_T,National,_T,Total,_T,All education levels,_T,All occupations,_Z,Not applicable,_T,No breakdown by disability,2020,,0.36,,LITRES_PURE_ALCOHOL,litres pure alcohol,G,Global,_X,Not Available,,,,,Data is for 2020 only; it is not a three-year average.,
DATAFLOW,SPC:DF_BP50(1.0),Blue Pacific 2050 (all),I,A,Annual,SH_SAN_SAFE,"Proportion of population using safely managed sanitation
            services",TV,Tuvalu,_T,Total,_T,All ages,R,Rural,_T,Total,_T,All education levels,_T,All occupations,_Z,Not applicable,_T,No breakdown by disability,2022,,42.05,,PERCENT,percent,G,Global,_X,Not Available,,,,,,
DATAFLOW,SPC:DF_BP50(1.0),Blue Pacific 2050 (all),I,A,Annual,SH_STA_MALR,"Malaria incidence per 1,000 population at risk",WS,Samoa,_T,Total,_T,All ages,_T,National,_T,Total,_T,All education levels,_T,All occupations,_Z,Not applicable,_T,No breakdown by disability,2019,,0,,PER_1000_POP,"per 1,000 population",G,Global,_X,Not Available,,,,,,
DATAFLOW,SPC:DF_BP50(1.0),Blue Pacific 2050 (all),I,A,Annual,SH_STA_BRTC,Proportion of births attended by skilled health personnel,FJ,Fiji,_T,Total,_T,All ages,_T,National,_T,Total,_T,All education levels,_T,All occupations,_Z,Not applicable,_T,No breakdown by disability,2021,,99.8,,PERCENT,percent,N,National,C,Country Data,"Ministry of Finance, Strategic Planning, National Development and Statistics, Fiji Government. Voluntary National Review, Strengthening Resilience to Meet the Challenges of Climate Change and Other Global Issues, July 2023.",,,,,
DATAFLOW,SPC:DF_BP50(1.0),Blue Pacific 2050 (all),I,A,Annual,SH_STA_BRTC,Proportion of births attended by skilled health personnel,NR,Nauru,_T,Total,_T,All ages,_T,National,_T,Total,_T,All education levels,_T,All occupations,_Z,Not applicable,_T,No breakdown by disability,2023,,98,,PERCENT,percent,N,National,C,Country Data,"Nauru Bureau of Statistics. 2024. Nauru Multiple Indicator Cluster Survey 2023, Survey Findings Report. Nauru: Nauru Bureau of Statistics.",,,,,
DATAFLOW,SPC:DF_BP50(1.0),Blue Pacific 2050 (all),I,A,Annual,SPC_3_8_1,Coverage of essential health services,FM,Micronesia (Federated States of),_T,Total,_T,All ages,_T,National,_T,Total,_T,All education levels,_T,All occupations,_Z,Not applicable,_T,No breakdown by disability,2021,,47.66,,INDEX,index,G,Global,_X,Not Available,,,,,,
DATAFLOW,SPC:DF_BP50(1.0),Blue Pacific 2050 (all),I,A,Annual,SH_PRV_SMOK,"Age-standardised prevalence of current tobacco use among
            persons aged 15 years and older",MH,Marshall Islands,_T,Total,_T,All ages,_T,National,_T,Total,_T,All education levels,_T,All occupations,_Z,Not applicable,_T,No breakdown by disability,2030,,31.6,,PERCENT,percent,G,Global,_X,Not Available,,,,,The most recent survey was conducted in 2017-18. This is a projection.,
DATAFLOW,SPC:DF_BP50(1.0),Blue Pacific 2050 (all),I,A,Annual,SH_SAN_SAFE,"Proportion of population using safely managed sanitation
            services",TO,Tonga,_T,Total,_T,All ages,_T,National,_T,Total,_T,All education levels,_T,All occupations,_Z,Not applicable,_T,No breakdown by disability,2022,,32.05,,PERCENT,percent,G,Global,_X,Not Available,,,,,,
DATAFLOW,SPC:DF_BP50(1.0),Blue Pacific 2050 (all),I,A,Annual,SPC_6_3_1,Proportion of wastewater safely treated,TO,Tonga,_T,Total,_T,All ages,_T,National,_T,Total,_T,All education levels,_T,All occupations,_Z,Not applicable,_T,No breakdown by disability,2020,,28.6,,PERCENT,percent,G,Global,E,Estimated,"World Health Organisation, 2020.",,,,Domestic wastewater flows safely treated.,
DATAFLOW,SPC:DF_BP50(1.0),Blue Pacific 2050 (all),I,A,Annual,SH_H2O_IMPR,Population using an improved drinking water source,SB,Solomon Islands,_T,Total,_T,All ages,U,Urban,_T,Total,_T,All education levels,_T,All occupations,_Z,Not applicable,_T,No breakdown by disability,2015,,94.9,,RATIO_POP,ratio to total population,G,Global,E,Estimated,"WHO/UNICEF Joint Monitoring Programme for Water Supply, Sanitation and Hygiene (2017)",,,,,
DATAFLOW,SPC:DF_BP50(1.0),Blue Pacific 2050 (all),I,A,Annual,BPI_MANAF5,Healthy food policies in schools,KI,Kiribati,_T,Total,_T,All ages,_T,National,_T,Total,_T,All education levels,_T,All occupations,_Z,Not applicable,_T,No breakdown by disability,2021,,4,,N,units,R,Regional,C,Country Data,Pacific Mana Dashboard https://pacificdata.org/health-dashboard,,,,,
DATAFLOW,SPC:DF_BP50(1.0),Blue Pacific 2050 (all),I,A,Annual,BPI_MANAP1,Compulsory physical education in school curriculum,SB,Solomon Islands,_T,Total,_T,All ages,_T,National,_T,Total,_T,All education levels,_T,All occupations,_Z,Not applicable,_T,No breakdown by disability,2021,,5,,N,units,R,Regional,C,Country Data,Pacific Mana Dashboard https://pacificdata.org/health-dashboard,,,,,
DATAFLOW,SPC:DF_BP50(1.0),Blue Pacific 2050 (all),I,A,Annual,SH_STA_MALR,"Malaria incidence per 1,000 population at risk",KI,Kiribati,_T,Total,_T,All ages,_T,National,_T,Total,_T,All education levels,_T,All occupations,_Z,Not applicable,_T,No breakdown by disability,2019,,0,,PER_1000_POP,"per 1,000 population",G,Global,_X,Not Available,,,,,,
DATAFLOW,SPC:DF_BP50(1.0),Blue Pacific 2050 (all),I,A,Annual,SPC_3_8_1,Coverage of essential health services,NR,Nauru,_T,Total,_T,All ages,_T,National,_T,Total,_T,All education levels,_T,All occupations,_Z,Not applicable,_T,No breakdown by disability,2021,,60.35,,INDEX,index,G,Global,_X,Not Available,,,,,,
DATAFLOW,SPC:DF_BP50(1.0),Blue Pacific 2050 (all),I,A,Annual,SH_TBS_INCD,Tuberculosis incidence,FJ,Fiji,_T,Total,_T,All ages,_T,National,_T,Total,_T,All education levels,_T,All occupations,_Z,Not applicable,_T,No breakdown by disability,2023,,66,,PER_100000_POP,"per 100,000 population",G,Global,_X,Not Available,,,,,,
DATAFLOW,SPC:DF_BP50(1.0),Blue Pacific 2050 (all),I,A,Annual,SH_H2O_IMPR,Population using an improved drinking water source,PG,Papua New Guinea,_T,Total,_T,All ages,_T,National,_T,Total,_T,All education levels,_T,All occupations,_Z,Not applicable,_T,No breakdown by disability,2015,,39.6,,RATIO_POP,ratio to total population,G,Global,E,Estimated,"WHO/UNICEF Joint Monitoring Programme for Water Supply, Sanitation and Hygiene (2017)",,,,,
DATAFLOW,SPC:DF_BP50(1.0),Blue Pacific 2050 (all),I,A,Annual,SH_H2O_IMPR,Population using an improved drinking water source,CK,Cook Islands,_T,Total,_T,All ages,R,Rural,_T,Total,_T,All education levels,_T,All occupations,_Z,Not applicable,_T,No breakdown by disability,2016,,99.9,,RATIO_POP,ratio to total population,G,Global,E,Estimated,"WHO/UNICEF Joint Monitoring Programme for Water Supply, Sanitation and Hygiene (2017)",,,,,
DATAFLOW,SPC:DF_BP50(1.0),Blue Pacific 2050 (all),I,A,Annual,BPI_MANAF5,Healthy food policies in schools,TV,Tuvalu,_T,Total,_T,All ages,_T,National,_T,Total,_T,All education levels,_T,All occupations,_Z,Not applicable,_T,No breakdown by disability,2021,,2,,N,units,R,Regional,C,Country Data,Pacific Mana Dashboard https://pacificdata.org/health-dashboard,,,,,
DATAFLOW,SPC:DF_BP50(1.0),Blue Pacific 2050 (all),I,A,Annual,SH_H2O_IMPR,Population using an improved drinking water source,CK,Cook Islands,_T,Total,_T,All ages,U,Urban,_T,Total,_T,All education levels,_T,All occupations,_Z,Not applicable,_T,No breakdown by disability,2016,,100,,RATIO_POP,ratio to total population,G,Global,E,Estimated,"WHO/UNICEF Joint Monitoring Programme for Water Supply, Sanitation and Hygiene (2017)",,,,,
DATAFLOW,SPC:DF_BP50(1.0),Blue Pacific 2050 (all),I,A,Annual,BPI_MANAF5,Healthy food policies in schools,NC,New Caledonia,_T,Total,_T,All ages,_T,National,_T,Total,_T,All education levels,_T,All occupations,_Z,Not applicable,_T,No breakdown by disability,2021,,4,,N,units,R,Regional,C,Country Data,Pacific Mana Dashboard https://pacificdata.org/health-dashboard,,,,,
DATAFLOW,SPC:DF_BP50(1.0),Blue Pacific 2050 (all),I,A,Annual,SH_TBS_INCD,Tuberculosis incidence,PG,Papua New Guinea,_T,Total,_T,All ages,_T,National,_T,Total,_T,All education levels,_T,All occupations,_Z,Not applicable,_T,No breakdown by disability,2023,,432,,PER_100000_POP,"per 100,000 population",G,Global,_X,Not Available,,,,,,
DATAFLOW,SPC:DF_BP50(1.0),Blue Pacific 2050 (all),I,A,Annual,SH_PRV_SMOK,"Age-standardised prevalence of current tobacco use among
            persons aged 15 years and older",FJ,Fiji,_T,Total,_T,All ages,_T,National,_T,Total,_T,All education levels,_T,All occupations,_Z,Not applicable,_T,No breakdown by disability,2030,,25.8,,PERCENT,percent,G,Global,_X,Not Available,,,,,Tobacco use estimates are not available. Tobacco smoking estimates are substituted for missing tobacco use estimates. The most recent survey was conducted in 2021. This is a projection.,
DATAFLOW,SPC:DF_BP50(1.0),Blue Pacific 2050 (all),I,A,Annual,SH_STA_BRTC,Proportion of births attended by skilled health personnel,MH,Marshall Islands,_T,Total,_T,All ages,_T,National,_T,Total,_T,All education levels,_T,All occupations,_Z,Not applicable,_T,No breakdown by disability,2017,,92.4,,PERCENT,percent,N,National,C,Country Data,"Republic of the Marshall Islands Ministry of Health and Human Services, RMI. Republic of the Marshall Islands Integrated Child Health and Nutrition Survey 2017, Final Report.  Economic, Policy Planning and Statistics Office; 2017. ",,,,,
DATAFLOW,SPC:DF_BP50(1.0),Blue Pacific 2050 (all),I,A,Annual,SH_SAN_SAFE,"Proportion of population using safely managed sanitation
            services",TV,Tuvalu,_T,Total,_T,All ages,_T,National,_T,Total,_T,All education levels,_T,All occupations,_Z,Not applicable,_T,No breakdown by disability,2022,,37.23,,PERCENT,percent,G,Global,_X,Not Available,,,,,,
DATAFLOW,SPC:DF_BP50(1.0),Blue Pacific 2050 (all),I,A,Annual,SPC_3_8_1,Coverage of essential health services,NU,Niue,_T,Total,_T,All ages,_T,National,_T,Total,_T,All education levels,_T,All occupations,_Z,Not applicable,_T,No breakdown by disability,2021,,43.59,,INDEX,index,G,Global,_X,Not Available,,,,,,
DATAFLOW,SPC:DF_BP50(1.0),Blue Pacific 2050 (all),I,A,Annual,SH_STA_MALR,"Malaria incidence per 1,000 population at risk",PW,Palau,_T,Total,_T,All ages,_T,National,_T,Total,_T,All education levels,_T,All occupations,_Z,Not applicable,_T,No breakdown by disability,2019,,0,,PER_1000_POP,"per 1,000 population",G,Global,_X,Not Available,,,,,,
DATAFLOW,SPC:DF_BP50(1.0),Blue Pacific 2050 (all),I,A,Annual,SH_PRV_SMOK,"Age-standardised prevalence of current tobacco use among
            persons aged 15 years and older",TO,Tonga,_T,Total,_T,All ages,_T,National,_T,Total,_T,All education levels,_T,All occupations,_Z,Not applicable,_T,No breakdown by disability,2030,,30.3,,PERCENT,percent,G,Global,_X,Not Available,,,,,Tobacco use estimates are not available. Tobacco smoking estimates are substituted for missing tobacco use estimates. The most recent survey was conducted in 2019. This is a projection.,
DATAFLOW,SPC:DF_BP50(1.0),Blue Pacific 2050 (all),I,A,Annual,SH_H2O_IMPR,Population using an improved drinking water source,PW,Palau,_T,Total,_T,All ages,_T,National,_T,Total,_T,All education levels,_T,All occupations,_Z,Not applicable,_T,No breakdown by disability,2015,,99,,RATIO_POP,ratio to total population,G,Global,E,Estimated,"WHO/UNICEF Joint Monitoring Programme for Water Supply, Sanitation and Hygiene (2017)",,,,,
DATAFLOW,SPC:DF_BP50(1.0),Blue Pacific 2050 (all),I,A,Annual,SPC_6_3_1,Proportion of wastewater safely treated,FJ,Fiji,_T,Total,_T,All ages,_T,National,_T,Total,_T,All education levels,_T,All occupations,_Z,Not applicable,_T,No breakdown by disability,2014,,36,,PERCENT,percent,G,Global,C,Country Data,ADB,,,,,
DATAFLOW,SPC:DF_BP50(1.0),Blue Pacific 2050 (all),I,A,Annual,SH_STA_MALR,"Malaria incidence per 1,000 population at risk",PG,Papua New Guinea,_T,Total,_T,All ages,_T,National,_T,Total,_T,All education levels,_T,All occupations,_Z,Not applicable,_T,No breakdown by disability,2020,,164,,PER_1000_POP,"per 1,000 population",G,Global,CA,Country Adjusted,World malaria report 2021. Geneva: World Health Organization; 2021.,,,,,
DATAFLOW,SPC:DF_BP50(1.0),Blue Pacific 2050 (all),I,A,Annual,SH_STA_BRTC,Proportion of births attended by skilled health personnel,TV,Tuvalu,_T,Total,_T,All ages,U,Urban,_T,Total,_T,All education levels,_T,All occupations,_Z,Not applicable,_T,No breakdown by disability,2020,,100,,PERCENT,percent,N,National,C,Country Data," Tuvalu Central Statistics Department. 2021. Tuvalu Multiple Indicator Cluster Survey 2019–2020, Snapshot 
of Key Findings. Funafuti, Tuvalu: Tuvalu Central Statistics Department.",,,,,
DATAFLOW,SPC:DF_BP50(1.0),Blue Pacific 2050 (all),I,A,Annual,BPI_MANAF5,Healthy food policies in schools,MH,Marshall Islands,_T,Total,_T,All ages,_T,National,_T,Total,_T,All education levels,_T,All occupations,_Z,Not applicable,_T,No breakdown by disability,2021,,3,,N,units,R,Regional,C,Country Data,Pacific Mana Dashboard https://pacificdata.org/health-dashboard,,,,,
DATAFLOW,SPC:DF_BP50(1.0),Blue Pacific 2050 (all),I,A,Annual,BPI_MANAP1,Compulsory physical education in school curriculum,FJ,Fiji,_T,Total,_T,All ages,_T,National,_T,Total,_T,All education levels,_T,All occupations,_Z,Not applicable,_T,No breakdown by disability,2021,,5,,N,units,R,Regional,C,Country Data,Pacific Mana Dashboard https://pacificdata.org/health-dashboard,,,,,
DATAFLOW,SPC:DF_BP50(1.0),Blue Pacific 2050 (all),I,A,Annual,SH_DTH_NCD,"Mortality rate attributed to cardiovascular disease, cancer,
            diabetes or chronic respiratory disease",TO,Tonga,_T,Total,_T,All ages,_T,National,_T,Total,_T,All education levels,_T,All occupations,_Z,Not applicable,_T,No breakdown by disability,2021,,26.9,,PERCENT,percent,G,Global,_X,Not Available,,,,,,
DATAFLOW,SPC:DF_BP50(1.0),Blue Pacific 2050 (all),I,A,Annual,SH_PRV_SMOK,"Age-standardised prevalence of current tobacco use among
            persons aged 15 years and older",PW,Palau,_T,Total,_T,All ages,_T,National,_T,Total,_T,All education levels,_T,All occupations,_Z,Not applicable,_T,No breakdown by disability,2030,,15.1,,PERCENT,percent,G,Global,_X,Not Available,,,,,Tobacco use estimates are not available. Tobacco smoking estimates are substituted for missing tobacco use estimates. The most recent survey was conducted in 2016. This is a projection.,
DATAFLOW,SPC:DF_BP50(1.0),Blue Pacific 2050 (all),I,A,Annual,SH_H2O_IMPR,Population using an improved drinking water source,FJ,Fiji,_T,Total,_T,All ages,_T,National,_T,Total,_T,All education levels,_T,All occupations,_Z,Not applicable,_T,No breakdown by disability,2015,,98,,RATIO_POP,ratio to total population,G,Global,E,Estimated,"WHO/UNICEF Joint Monitoring Programme for Water Supply, Sanitation and Hygiene (2017)",,,,,
DATAFLOW,SPC:DF_BP50(1.0),Blue Pacific 2050 (all),I,A,Annual,SH_ALC_CONSPT,"Alcohol consumption per capita (aged 15 years and older) within
            a calendar year",CK,Cook Islands,_T,Total,_T,All ages,_T,National,_T,Total,_T,All education levels,_T,All occupations,_Z,Not applicable,_T,No breakdown by disability,2020,,9.82,,LITRES_PURE_ALCOHOL,litres pure alcohol,G,Global,_X,Not Available,,,,,Data is for 2020 only; it is not a three-year average.,
DATAFLOW,SPC:DF_BP50(1.0),Blue Pacific 2050 (all),I,A,Annual,SH_TBS_INCD,Tuberculosis incidence,NR,Nauru,_T,Total,_T,All ages,_T,National,_T,Total,_T,All education levels,_T,All occupations,_Z,Not applicable,_T,No breakdown by disability,2023,,174,,PER_100000_POP,"per 100,000 population",G,Global,_X,Not Available,,,,,,
DATAFLOW,SPC:DF_BP50(1.0),Blue Pacific 2050 (all),I,A,Annual,SH_SAN_SAFE,"Proportion of population using safely managed sanitation
            services",FJ,Fiji,_T,Total,_T,All ages,U,Urban,_T,Total,_T,All education levels,_T,All occupations,_Z,Not applicable,_T,No breakdown by disability,2022,,42.67,,PERCENT,percent,G,Global,_X,Not Available,,,,,,
DATAFLOW,SPC:DF_BP50(1.0),Blue Pacific 2050 (all),I,A,Annual,SH_STA_BRTC,Proportion of births attended by skilled health personnel,TV,Tuvalu,_T,Total,_T,All ages,_T,National,_T,Total,_T,All education levels,_T,All occupations,_Z,Not applicable,_T,No breakdown by disability,2020,,100,,PERCENT,percent,N,National,C,Country Data," Tuvalu Central Statistics Department. 2021. Tuvalu Multiple Indicator Cluster Survey 2019–2020, Snapshot 
of Key Findings. Funafuti, Tuvalu: Tuvalu Central Statistics Department.",,,,,
DATAFLOW,SPC:DF_BP50(1.0),Blue Pacific 2050 (all),I,A,Annual,SH_PRV_SMOK,"Age-standardised prevalence of current tobacco use among
            persons aged 15 years and older",SB,Solomon Islands,_T,Total,_T,All ages,_T,National,_T,Total,_T,All education levels,_T,All occupations,_Z,Not applicable,_T,No breakdown by disability,2030,,36,,PERCENT,percent,G,Global,_X,Not Available,,,,,Tobacco use estimates are not available. Tobacco smoking estimates are substituted for missing tobacco use estimates. The most recent survey was conducted in 2015. This is a projection.,
DATAFLOW,SPC:DF_BP50(1.0),Blue Pacific 2050 (all),I,A,Annual,SH_SAN_SAFE,"Proportion of population using safely managed sanitation
            services",WS,Samoa,_T,Total,_T,All ages,_T,National,_T,Total,_T,All education levels,_T,All occupations,_Z,Not applicable,_T,No breakdown by disability,2022,,42.93,,PERCENT,percent,G,Global,_X,Not Available,,,,,,
DATAFLOW,SPC:DF_BP50(1.0),Blue Pacific 2050 (all),I,A,Annual,SPC_3_8_1,Coverage of essential health services,FJ,Fiji,_T,Total,_T,All ages,_T,National,_T,Total,_T,All education levels,_T,All occupations,_Z,Not applicable,_T,No breakdown by disability,2021,,58.25,,INDEX,index,G,Global,_X,Not Available,,,,,,
DATAFLOW,SPC:DF_BP50(1.0),Blue Pacific 2050 (all),I,A,Annual,SH_PRV_SMOK,"Age-standardised prevalence of current tobacco use among
            persons aged 15 years and older",KI,Kiribati,_T,Total,_T,All ages,_T,National,_T,Total,_T,All education levels,_T,All occupations,_Z,Not applicable,_T,No breakdown by disability,2030,,31.7,,PERCENT,percent,G,Global,_X,Not Available,,,,,Tobacco use estimates are not available. Tobacco smoking estimates are substituted for missing tobacco use estimates. The most recent survey was conducted in 2018-19. This is a projection.,
DATAFLOW,SPC:DF_BP50(1.0),Blue Pacific 2050 (all),I,A,Annual,SPC_3_8_1,Coverage of essential health services,PG,Papua New Guinea,_T,Total,_T,All ages,_T,National,_T,Total,_T,All education levels,_T,All occupations,_Z,Not applicable,_T,No breakdown by disability,2021,,30.39,,INDEX,index,G,Global,_X,Not Available,,,,,,
DATAFLOW,SPC:DF_BP50(1.0),Blue Pacific 2050 (all),I,A,Annual,SH_ALC_CONSPT,"Alcohol consumption per capita (aged 15 years and older) within
            a calendar year",FM,Micronesia (Federated States of),_T,Total,_T,All ages,_T,National,_T,Total,_T,All education levels,_T,All occupations,_Z,Not applicable,_T,No breakdown by disability,2020,,2.02,,LITRES_PURE_ALCOHOL,litres pure alcohol,G,Global,_X,Not Available,,,,,Data is for 2020 only; it is not a three-year average.,
DATAFLOW,SPC:DF_BP50(1.0),Blue Pacific 2050 (all),I,A,Annual,SH_ALC_CONSPT,"Alcohol consumption per capita (aged 15 years and older) within
            a calendar year",FJ,Fiji,_T,Total,_T,All ages,_T,National,_T,Total,_T,All education levels,_T,All occupations,_Z,Not applicable,_T,No breakdown by disability,2020,,3.58,,LITRES_PURE_ALCOHOL,litres pure alcohol,G,Global,_X,Not Available,,,,,Data is for 2020 only; it is not a three-year average.,
DATAFLOW,SPC:DF_BP50(1.0),Blue Pacific 2050 (all),I,A,Annual,BPI_MANAF5,Healthy food policies in schools,VU,Vanuatu,_T,Total,_T,All ages,_T,National,_T,Total,_T,All education levels,_T,All occupations,_Z,Not applicable,_T,No breakdown by disability,2021,,3,,N,units,R,Regional,C,Country Data,Pacific Mana Dashboard https://pacificdata.org/health-dashboard,,,,,
DATAFLOW,SPC:DF_BP50(1.0),Blue Pacific 2050 (all),I,A,Annual,SH_STA_WASH,"Mortality rate attributed to unsafe water, unsafe sanitation
            and lack of hygiene",NU,Niue,_T,Total,_T,All ages,_T,National,_T,Total,_T,All education levels,_T,All occupations,_Z,Not applicable,_T,No breakdown by disability,2012,,0,,PER_100000_POP,"per 100,000 population",G,Global,E,Estimated,"Global Health Observatory (GHO), World Health Organisation (WHO)",,,,,
DATAFLOW,SPC:DF_BP50(1.0),Blue Pacific 2050 (all),I,A,Annual,SH_STA_BRTC,Proportion of births attended by skilled health personnel,TO,Tonga,_T,Total,_T,All ages,_T,National,_T,Total,_T,All education levels,_T,All occupations,_Z,Not applicable,_T,No breakdown by disability,2019,,98.3,,PERCENT,percent,N,National,C,Country Data,"Tonga Statistics Department. 2020. Tonga Multiple Indicator Cluster Survey 2019, Survey Findings Report. Nuku’alofa, Tonga: Tonga Statistics Department.",,,,,
DATAFLOW,SPC:DF_BP50(1.0),Blue Pacific 2050 (all),I,A,Annual,SH_DTH_NCD,"Mortality rate attributed to cardiovascular disease, cancer,
            diabetes or chronic respiratory disease",KI,Kiribati,_T,Total,_T,All ages,_T,National,_T,Total,_T,All education levels,_T,All occupations,_Z,Not applicable,_T,No breakdown by disability,2021,,44.1,,PERCENT,percent,G,Global,_X,Not Available,,,,,,
DATAFLOW,SPC:DF_BP50(1.0),Blue Pacific 2050 (all),I,A,Annual,SH_TBS_INCD,Tuberculosis incidence,WS,Samoa,_T,Total,_T,All ages,_T,National,_T,Total,_T,All education levels,_T,All occupations,_Z,Not applicable,_T,No breakdown by disability,2023,,5.2,,PER_100000_POP,"per 100,000 population",G,Global,_X,Not Available,,,,,,
DATAFLOW,SPC:DF_BP50(1.0),Blue Pacific 2050 (all),I,A,Annual,SH_TBS_INCD,Tuberculosis incidence,KI,Kiribati,_T,Total,_T,All ages,_T,National,_T,Total,_T,All education levels,_T,All occupations,_Z,Not applicable,_T,No breakdown by disability,2023,,533,,PER_100000_POP,"per 100,000 population",G,Global,_X,Not Available,,,,,,
DATAFLOW,SPC:DF_BP50(1.0),Blue Pacific 2050 (all),I,A,Annual,BPI_MANAP1,Compulsory physical education in school curriculum,PG,Papua New Guinea,_T,Total,_T,All ages,_T,National,_T,Total,_T,All education levels,_T,All occupations,_Z,Not applicable,_T,No breakdown by disability,2021,,5,,N,units,R,Regional,C,Country Data,Pacific Mana Dashboard https://pacificdata.org/health-dashboard,,,,,
DATAFLOW,SPC:DF_BP50(1.0),Blue Pacific 2050 (all),I,A,Annual,SH_TBS_INCD,Tuberculosis incidence,NU,Niue,_T,Total,_T,All ages,_T,National,_T,Total,_T,All education levels,_T,All occupations,_Z,Not applicable,_T,No breakdown by disability,2023,,48,,PER_100000_POP,"per 100,000 population",G,Global,_X,Not Available,,,,,,
DATAFLOW,SPC:DF_BP50(1.0),Blue Pacific 2050 (all),I,A,Annual,SH_STA_MALR,"Malaria incidence per 1,000 population at risk",FJ,Fiji,_T,Total,_T,All ages,_T,National,_T,Total,_T,All education levels,_T,All occupations,_Z,Not applicable,_T,No breakdown by disability,2019,,0,,PER_1000_POP,"per 1,000 population",G,Global,_X,Not Available,,,,,,
DATAFLOW,SPC:DF_BP50(1.0),Blue Pacific 2050 (all),I,A,Annual,SPC_3_8_1,Coverage of essential health services,CK,Cook Islands,_T,Total,_T,All ages,_T,National,_T,Total,_T,All education levels,_T,All occupations,_Z,Not applicable,_T,No breakdown by disability,2021,,45.98,,INDEX,index,G,Global,_X,Not Available,,,,,,
DATAFLOW,SPC:DF_BP50(1.0),Blue Pacific 2050 (all),I,A,Annual,SH_H2O_IMPR,Population using an improved drinking water source,SB,Solomon Islands,_T,Total,_T,All ages,_T,National,_T,Total,_T,All education levels,_T,All occupations,_Z,Not applicable,_T,No breakdown by disability,2015,,82.5,,RATIO_POP,ratio to total population,G,Global,E,Estimated,"WHO/UNICEF Joint Monitoring Programme for Water Supply, Sanitation and Hygiene (2017)",,,,,
DATAFLOW,SPC:DF_BP50(1.0),Blue Pacific 2050 (all),I,A,Annual,BPI_MANAP1,Compulsory physical education in school curriculum,CK,Cook Islands,_T,Total,_T,All ages,_T,National,_T,Total,_T,All education levels,_T,All occupations,_Z,Not applicable,_T,No breakdown by disability,2021,,6,,N,units,R,Regional,C,Country Data,Pacific Mana Dashboard https://pacificdata.org/health-dashboard,,,,,
DATAFLOW,SPC:DF_BP50(1.0),Blue Pacific 2050 (all),I,A,Annual,SH_STA_MALR,"Malaria incidence per 1,000 population at risk",FM,Micronesia (Federated States of),_T,Total,_T,All ages,_T,National,_T,Total,_T,All education levels,_T,All occupations,_Z,Not applicable,_T,No breakdown by disability,2019,,0,,PER_1000_POP,"per 1,000 population",G,Global,_X,Not Available,,,,,,
DATAFLOW,SPC:DF_BP50(1.0),Blue Pacific 2050 (all),I,A,Annual,SH_STA_WASH,"Mortality rate attributed to unsafe water, unsafe sanitation
            and lack of hygiene",VU,Vanuatu,_T,Total,_T,All ages,_T,National,_T,Total,_T,All education levels,_T,All occupations,_Z,Not applicable,_T,No breakdown by disability,2019,,25,,PER_100000_POP,"per 100,000 population",G,Global,_X,Not Available,,,,,,
DATAFLOW,SPC:DF_BP50(1.0),Blue Pacific 2050 (all),I,A,Annual,SPC_6_3_1,Proportion of wastewater safely treated,TV,Tuvalu,_T,Total,_T,All ages,_T,National,_T,Total,_T,All education levels,_T,All occupations,_Z,Not applicable,_T,No breakdown by disability,2020,,2,,PERCENT,percent,G,Global,E,Estimated,"World Health Organisation, 2020.",,,,Domestic wastewater flows safely treated.,
DATAFLOW,SPC:DF_BP50(1.0),Blue Pacific 2050 (all),I,A,Annual,SH_PRV_SMOK,"Age-standardised prevalence of current tobacco use among
            persons aged 15 years and older",TV,Tuvalu,_T,Total,_T,All ages,_T,National,_T,Total,_T,All education levels,_T,All occupations,_Z,Not applicable,_T,No breakdown by disability,2030,,29.9,,PERCENT,percent,G,Global,_X,Not Available,,,,,Tobacco use estimates are not available. Tobacco smoking estimates are substituted for missing tobacco use estimates. The most recent survey was conducted in 2019-20. This is a projection.,
DATAFLOW,SPC:DF_BP50(1.0),Blue Pacific 2050 (all),I,A,Annual,SH_ALC_CONSPT,"Alcohol consumption per capita (aged 15 years and older) within
            a calendar year",KI,Kiribati,_T,Total,_T,All ages,_T,National,_T,Total,_T,All education levels,_T,All occupations,_Z,Not applicable,_T,No breakdown by disability,2020,,0.72,,LITRES_PURE_ALCOHOL,litres pure alcohol,G,Global,_X,Not Available,,,,,Data is for 2020 only; it is not a three-year average.,
DATAFLOW,SPC:DF_BP50(1.0),Blue Pacific 2050 (all),I,A,Annual,SH_DTH_NCD,"Mortality rate attributed to cardiovascular disease, cancer,
            diabetes or chronic respiratory disease",FM,Micronesia (Federated States of),_T,Total,_T,All ages,_T,National,_T,Total,_T,All education levels,_T,All occupations,_Z,Not applicable,_T,No breakdown by disability,2021,,40.5,,PERCENT,percent,G,Global,_X,Not Available,,,,,,
DATAFLOW,SPC:DF_BP50(1.0),Blue Pacific 2050 (all),I,A,Annual,SH_TBS_INCD,Tuberculosis incidence,CK,Cook Islands,_T,Total,_T,All ages,_T,National,_T,Total,_T,All education levels,_T,All occupations,_Z,Not applicable,_T,No breakdown by disability,2023,,32,,PER_100000_POP,"per 100,000 population",G,Global,_X,Not Available,,,,,,
DATAFLOW,SPC:DF_BP50(1.0),Blue Pacific 2050 (all),I,A,Annual,BPI_MANAP1,Compulsory physical education in school curriculum,WS,Samoa,_T,Total,_T,All ages,_T,National,_T,Total,_T,All education levels,_T,All occupations,_Z,Not applicable,_T,No breakdown by disability,2021,,4,,N,units,R,Regional,C,Country Data,Pacific Mana Dashboard https://pacificdata.org/health-dashboard,,,,,
DATAFLOW,SPC:DF_BP50(1.0),Blue Pacific 2050 (all),I,A,Annual,SPC_3_8_1,Coverage of essential health services,PW,Palau,_T,Total,_T,All ages,_T,National,_T,Total,_T,All education levels,_T,All occupations,_Z,Not applicable,_T,No breakdown by disability,2021,,64.77,,INDEX,index,G,Global,_X,Not Available,,,,,,
DATAFLOW,SPC:DF_BP50(1.0),Blue Pacific 2050 (all),I,A,Annual,BPI_MANAP1,Compulsory physical education in school curriculum,MH,Marshall Islands,_T,Total,_T,All ages,_T,National,_T,Total,_T,All education levels,_T,All occupations,_Z,Not applicable,_T,No breakdown by disability,2021,,3,,N,units,R,Regional,C,Country Data,Pacific Mana Dashboard https://pacificdata.org/health-dashboard,,,,,
DATAFLOW,SPC:DF_BP50(1.0),Blue Pacific 2050 (all),I,A,Annual,SH_TBS_INCD,Tuberculosis incidence,TV,Tuvalu,_T,Total,_T,All ages,_T,National,_T,Total,_T,All education levels,_T,All occupations,_Z,Not applicable,_T,No breakdown by disability,2023,,296,,PER_100000_POP,"per 100,000 population",G,Global,_X,Not Available,,,,,,
DATAFLOW,SPC:DF_BP50(1.0),Blue Pacific 2050 (all),I,A,Annual,SH_TBS_INCD,Tuberculosis incidence,PF,French Polynesia,_T,Total,_T,All ages,_T,National,_T,Total,_T,All education levels,_T,All occupations,_Z,Not applicable,_T,No breakdown by disability,2023,,14,,PER_100000_POP,"per 100,000 population",G,Global,G,Global Montioring Data,WHO Global Tuberculosis Report 2024 (https://www.who.int/teams/global-tuberculosis-programme/data),,,,Data extracted as of 2025-01-07 based on data originally compiled for the 2024 WHO Global TB Report,
DATAFLOW,SPC:DF_BP50(1.0),Blue Pacific 2050 (all),I,A,Annual,SH_H2O_IMPR,Population using an improved drinking water source,FM,Micronesia (Federated States of),_T,Total,_T,All ages,_T,National,_T,Total,_T,All education levels,_T,All occupations,_Z,Not applicable,_T,No breakdown by disability,2013,,85.7,,RATIO_POP,ratio to total population,G,Global,E,Estimated,"WHO/UNICEF Joint Monitoring Programme for Water Supply, Sanitation and Hygiene (2017)",,,,,
DATAFLOW,SPC:DF_BP50(1.0),Blue Pacific 2050 (all),I,A,Annual,BPI_MANAF5,Healthy food policies in schools,PW,Palau,_T,Total,_T,All ages,_T,National,_T,Total,_T,All education levels,_T,All occupations,_Z,Not applicable,_T,No breakdown by disability,2021,,5,,N,units,R,Regional,C,Country Data,Pacific Mana Dashboard https://pacificdata.org/health-dashboard,,,,,
DATAFLOW,SPC:DF_BP50(1.0),Blue Pacific 2050 (all),I,A,Annual,SPC_3_8_1,Coverage of essential health services,WS,Samoa,_T,Total,_T,All ages,_T,National,_T,Total,_T,All education levels,_T,All occupations,_Z,Not applicable,_T,No breakdown by disability,2021,,55.13,,INDEX,index,G,Global,_X,Not Available,,,,,,
DATAFLOW,SPC:DF_BP50(1.0),Blue Pacific 2050 (all),I,A,Annual,SH_SAN_SAFE,"Proportion of population using safely managed sanitation
            services",FJ,Fiji,_T,Total,_T,All ages,_T,National,_T,Total,_T,All education levels,_T,All occupations,_Z,Not applicable,_T,No breakdown by disability,2022,,48.79,,PERCENT,percent,G,Global,_X,Not Available,,,,,,
DATAFLOW,SPC:DF_BP50(1.0),Blue Pacific 2050 (all),I,A,Annual,SH_DTH_NCD,"Mortality rate attributed to cardiovascular disease, cancer,
            diabetes or chronic respiratory disease",SB,Solomon Islands,_T,Total,_T,All ages,_T,National,_T,Total,_T,All education levels,_T,All occupations,_Z,Not applicable,_T,No breakdown by disability,2021,,40.6,,PERCENT,percent,G,Global,_X,Not Available,,,,,,
DATAFLOW,SPC:DF_BP50(1.0),Blue Pacific 2050 (all),I,A,Annual,BPI_MANAF5,Healthy food policies in schools,TO,Tonga,_T,Total,_T,All ages,_T,National,_T,Total,_T,All education levels,_T,All occupations,_Z,Not applicable,_T,No breakdown by disability,2021,,6,,N,units,R,Regional,C,Country Data,Pacific Mana Dashboard https://pacificdata.org/health-dashboard,,,,,
DATAFLOW,SPC:DF_BP50(1.0),Blue Pacific 2050 (all),I,A,Annual,SH_ALC_CONSPT,"Alcohol consumption per capita (aged 15 years and older) within
            a calendar year",PG,Papua New Guinea,_T,Total,_T,All ages,_T,National,_T,Total,_T,All education levels,_T,All occupations,_Z,Not applicable,_T,No breakdown by disability,2020,,1.13,,LITRES_PURE_ALCOHOL,litres pure alcohol,G,Global,_X,Not Available,,,,,Data is for 2020 only; it is not a three-year average.,
DATAFLOW,SPC:DF_BP50(1.0),Blue Pacific 2050 (all),I,A,Annual,SH_STA_BRTC,Proportion of births attended by skilled health personnel,NU,Niue,_T,Total,_T,All ages,_T,National,_T,Total,_T,All education levels,_T,All occupations,_Z,Not applicable,_T,No breakdown by disability,2011,,100,,PERCENT,percent,G,Global,C,Country Data,"Office for External Affairs [Niue], United Nations Development Programme (UNDP). Niue Millennium Development Goals 2012 Report. Alofi: Statistics Niue; 2013.",,,,,
DATAFLOW,SPC:DF_BP50(1.0),Blue Pacific 2050 (all),I,A,Annual,SH_STA_MALR,"Malaria incidence per 1,000 population at risk",MH,Marshall Islands,_T,Total,_T,All ages,_T,National,_T,Total,_T,All education levels,_T,All occupations,_Z,Not applicable,_T,No breakdown by disability,2019,,0,,PER_1000_POP,"per 1,000 population",G,Global,_X,Not Available,,,,,,
DATAFLOW,SPC:DF_BP50(1.0),Blue Pacific 2050 (all),I,A,Annual,SH_STA_WASH,"Mortality rate attributed to unsafe water, unsafe sanitation
            and lack of hygiene",PG,Papua New Guinea,_T,Total,_T,All ages,_T,National,_T,Total,_T,All education levels,_T,All occupations,_Z,Not applicable,_T,No breakdown by disability,2019,,24.9,,PER_100000_POP,"per 100,000 population",G,Global,_X,Not Available,,,,,,
DATAFLOW,SPC:DF_BP50(1.0),Blue Pacific 2050 (all),I,A,Annual,SH_ALC_CONSPT,"Alcohol consumption per capita (aged 15 years and older) within
            a calendar year",SB,Solomon Islands,_T,Total,_T,All ages,_T,National,_T,Total,_T,All education levels,_T,All occupations,_Z,Not applicable,_T,No breakdown by disability,2020,,1.45,,LITRES_PURE_ALCOHOL,litres pure alcohol,G,Global,_X,Not Available,,,,,Data is for 2020 only; it is not a three-year average.,
DATAFLOW,SPC:DF_BP50(1.0),Blue Pacific 2050 (all),I,A,Annual,SH_STA_BRTC,Proportion of births attended by skilled health personnel,TV,Tuvalu,_T,Total,_T,All ages,R,Rural,_T,Total,_T,All education levels,_T,All occupations,_Z,Not applicable,_T,No breakdown by disability,2020,,99,,PERCENT,percent,N,National,C,Country Data," Tuvalu Central Statistics Department. 2021. Tuvalu Multiple Indicator Cluster Survey 2019–2020, Snapshot 
of Key Findings. Funafuti, Tuvalu: Tuvalu Central Statistics Department.",,,,,
DATAFLOW,SPC:DF_BP50(1.0),Blue Pacific 2050 (all),I,A,Annual,SH_STA_WASH,"Mortality rate attributed to unsafe water, unsafe sanitation
            and lack of hygiene",NR,Nauru,_T,Total,_T,All ages,_T,National,_T,Total,_T,All education levels,_T,All occupations,_Z,Not applicable,_T,No breakdown by disability,2012,,0,,PER_100000_POP,"per 100,000 population",G,Global,E,Estimated,"Global Health Observatory (GHO), World Health Organisation (WHO)",,,,,
DATAFLOW,SPC:DF_BP50(1.0),Blue Pacific 2050 (all),I,A,Annual,SH_STA_BRTC,Proportion of births attended by skilled health personnel,FM,Micronesia (Federated States of),_T,Total,_T,All ages,_T,National,_T,Total,_T,All education levels,_T,All occupations,_Z,Not applicable,_T,No breakdown by disability,2009,,100,,PERCENT,percent,G,Global,C,Country Data,Western Pacific Country Health Information Profiles: 2011 Revision. Manila: World Health Organization Regional Office for the Western Pacific (WPRO); 2011.,,,,,
DATAFLOW,SPC:DF_BP50(1.0),Blue Pacific 2050 (all),I,A,Annual,BPI_MANAP1,Compulsory physical education in school curriculum,NR,Nauru,_T,Total,_T,All ages,_T,National,_T,Total,_T,All education levels,_T,All occupations,_Z,Not applicable,_T,No breakdown by disability,2021,,6,,N,units,R,Regional,C,Country Data,Pacific Mana Dashboard https://pacificdata.org/health-dashboard,,,,,
DATAFLOW,SPC:DF_BP50(1.0),Blue Pacific 2050 (all),I,A,Annual,SH_TBS_INCD,Tuberculosis incidence,PW,Palau,_T,Total,_T,All ages,_T,National,_T,Total,_T,All education levels,_T,All occupations,_Z,Not applicable,_T,No breakdown by disability,2023,,97,,PER_100000_POP,"per 100,000 population",G,Global,_X,Not Available,,,,,,
DATAFLOW,SPC:DF_BP50(1.0),Blue Pacific 2050 (all),I,A,Annual,SPC_6_3_1,Proportion of wastewater safely treated,WS,Samoa,_T,Total,_T,All ages,_T,National,_T,Total,_T,All education levels,_T,All occupations,_Z,Not applicable,_T,No breakdown by disability,2020,,46.7,,PERCENT,percent,G,Global,E,Estimated,"World Health Organisation, 2020.",,,,Domestic wastewater flows safely treated.,
DATAFLOW,SPC:DF_BP50(1.0),Blue Pacific 2050 (all),I,A,Annual,SPC_6_3_1,Proportion of wastewater safely treated,KI,Kiribati,_T,Total,_T,All ages,_T,National,_T,Total,_T,All education levels,_T,All occupations,_Z,Not applicable,_T,No breakdown by disability,2020,,30.8,,PERCENT,percent,G,Global,E,Estimated,"World Health Organisation, 2020.",,,,Domestic wastewater flows safely treated.,
DATAFLOW,SPC:DF_BP50(1.0),Blue Pacific 2050 (all),I,A,Annual,BPI_MANAF5,Healthy food policies in schools,PF,French Polynesia,_T,Total,_T,All ages,_T,National,_T,Total,_T,All education levels,_T,All occupations,_Z,Not applicable,_T,No breakdown by disability,2021,,2,,N,units,R,Regional,C,Country Data,Pacific Mana Dashboard https://pacificdata.org/health-dashboard,,,,,
DATAFLOW,SPC:DF_BP50(1.0),Blue Pacific 2050 (all),I,A,Annual,BPI_MANAF5,Healthy food policies in schools,WS,Samoa,_T,Total,_T,All ages,_T,National,_T,Total,_T,All education levels,_T,All occupations,_Z,Not applicable,_T,No breakdown by disability,2021,,6,,N,units,R,Regional,C,Country Data,Pacific Mana Dashboard https://pacificdata.org/health-dashboard,,,,,
DATAFLOW,SPC:DF_BP50(1.0),Blue Pacific 2050 (all),I,A,Annual,SH_STA_MALR,"Malaria incidence per 1,000 population at risk",NU,Niue,_T,Total,_T,All ages,_T,National,_T,Total,_T,All education levels,_T,All occupations,_Z,Not applicable,_T,No breakdown by disability,2019,,0,,PER_1000_POP,"per 1,000 population",G,Global,_X,Not Available,,,,,,
DATAFLOW,SPC:DF_BP50(1.0),Blue Pacific 2050 (all),I,A,Annual,SH_H2O_IMPR,Population using an improved drinking water source,MH,Marshall Islands,_T,Total,_T,All ages,_T,National,_T,Total,_T,All education levels,_T,All occupations,_Z,Not applicable,_T,No breakdown by disability,2015,,98.8,,RATIO_POP,ratio to total population,G,Global,E,Estimated,"WHO/UNICEF Joint Monitoring Programme for Water Supply, Sanitation and Hygiene (2017)",,,,,
DATAFLOW,SPC:DF_BP50(1.0),Blue Pacific 2050 (all),I,A,Annual,BPI_MANAP1,Compulsory physical education in school curriculum,FM,Micronesia (Federated States of),_T,Total,_T,All ages,_T,National,_T,Total,_T,All education levels,_T,All occupations,_Z,Not applicable,_T,No breakdown by disability,2021,,0,,N,units,R,Regional,C,Country Data,Pacific Mana Dashboard https://pacificdata.org/health-dashboard,,,,,
DATAFLOW,SPC:DF_BP50(1.0),Blue Pacific 2050 (all),I,A,Annual,BPI_MANAP1,Compulsory physical education in school curriculum,NU,Niue,_T,Total,_T,All ages,_T,National,_T,Total,_T,All education levels,_T,All occupations,_Z,Not applicable,_T,No breakdown by disability,2021,,6,,N,units,R,Regional,C,Country Data,Pacific Mana Dashboard https://pacificdata.org/health-dashboard,,,,,
DATAFLOW,SPC:DF_BP50(1.0),Blue Pacific 2050 (all),I,A,Annual,SH_TBS_INCD,Tuberculosis incidence,NC,New Caledonia,_T,Total,_T,All ages,_T,National,_T,Total,_T,All education levels,_T,All occupations,_Z,Not applicable,_T,No breakdown by disability,2023,,13,,PER_100000_POP,"per 100,000 population",G,Global,G,Global Montioring Data,WHO Global Tuberculosis Report 2024 (https://www.who.int/teams/global-tuberculosis-programme/data),,,,Data extracted as of 2025-01-07 based on data originally compiled for the 2024 WHO Global TB Report,
DATAFLOW,SPC:DF_BP50(1.0),Blue Pacific 2050 (all),I,A,Annual,SH_PRV_SMOK,"Age-standardised prevalence of current tobacco use among
            persons aged 15 years and older",CK,Cook Islands,_T,Total,_T,All ages,_T,National,_T,Total,_T,All education levels,_T,All occupations,_Z,Not applicable,_T,No breakdown by disability,2030,,21.8,,PERCENT,percent,G,Global,_X,Not Available,,,,,Tobacco use estimates are not available. Tobacco smoking estimates are substituted for missing tobacco use estimates. The most recent survey was conducted in 2021. This is a projection.,
DATAFLOW,SPC:DF_BP50(1.0),Blue Pacific 2050 (all),I,A,Annual,SH_H2O_IMPR,Population using an improved drinking water source,TO,Tonga,_T,Total,_T,All ages,_T,National,_T,Total,_T,All education levels,_T,All occupations,_Z,Not applicable,_T,No breakdown by disability,2016,,91.7,,RATIO_POP,ratio to total population,N,National,C,Country Data,"Tonga NSO, Census of Population and Housing 2016.",,,,,
DATAFLOW,SPC:DF_BP50(1.0),Blue Pacific 2050 (all),I,A,Annual,SH_SAN_SAFE,"Proportion of population using safely managed sanitation
            services",TO,Tonga,_T,Total,_T,All ages,R,Rural,_T,Total,_T,All education levels,_T,All occupations,_Z,Not applicable,_T,No breakdown by disability,2022,,34.97,,PERCENT,percent,G,Global,_X,Not Available,,,,,,
DATAFLOW,SPC:DF_BP50(1.0),Blue Pacific 2050 (all),I,A,Annual,SH_STA_WASH,"Mortality rate attributed to unsafe water, unsafe sanitation
            and lack of hygiene",FJ,Fiji,_T,Total,_T,All ages,_T,National,_T,Total,_T,All education levels,_T,All occupations,_Z,Not applicable,_T,No breakdown by disability,2019,,10.8,,PER_100000_POP,"per 100,000 population",G,Global,_X,Not Available,,,,,,
DATAFLOW,SPC:DF_BP50(1.0),Blue Pacific 2050 (all),I,A,Annual,SH_PRV_SMOK,"Age-standardised prevalence of current tobacco use among
            persons aged 15 years and older",PG,Papua New Guinea,_T,Total,_T,All ages,_T,National,_T,Total,_T,All education levels,_T,All occupations,_Z,Not applicable,_T,No breakdown by disability,2030,,36.6,,PERCENT,percent,G,Global,_X,Not Available,,,,,Tobacco use estimates are not available. Tobacco smoking estimates are substituted for missing tobacco use estimates. The most recent survey was conducted in 2016-18. This is a projection.,
DATAFLOW,SPC:DF_BP50(1.0),Blue Pacific 2050 (all),I,A,Annual,SH_STA_BRTC,Proportion of births attended by skilled health personnel,PW,Palau,_T,Total,_T,All ages,_T,National,_T,Total,_T,All education levels,_T,All occupations,_Z,Not applicable,_T,No breakdown by disability,2018,,100,,PERCENT,percent,N,National,C,Country Data,2018 Statistical Yearbook. Koror: Palau Ministry of Finance; 2019.,,,,,
DATAFLOW,SPC:DF_BP50(1.0),Blue Pacific 2050 (all),I,A,Annual,SH_H2O_IMPR,Population using an improved drinking water source,CK,Cook Islands,_T,Total,_T,All ages,_T,National,_T,Total,_T,All education levels,_T,All occupations,_Z,Not applicable,_T,No breakdown by disability,2016,,99.9,,RATIO_POP,ratio to total population,G,Global,E,Estimated,"WHO/UNICEF Joint Monitoring Programme for Water Supply, Sanitation and Hygiene (2017)",,,,,
DATAFLOW,SPC:DF_BP50(1.0),Blue Pacific 2050 (all),I,A,Annual,SH_DTH_NCD,"Mortality rate attributed to cardiovascular disease, cancer,
            diabetes or chronic respiratory disease",FJ,Fiji,_T,Total,_T,All ages,_T,National,_T,Total,_T,All education levels,_T,All occupations,_Z,Not applicable,_T,No breakdown by disability,2021,,37.9,,PERCENT,percent,G,Global,_X,Not Available,,,,,"For this geography and year, some non-communicable disease deaths may be included in a separate category called ""other pandemic-related mortality"" due to lack of vital registration data. Estimates of this indicator for 2020 and 2021 may be underestimated, and need to be interpreted with caution.",
DATAFLOW,SPC:DF_BP50(1.0),Blue Pacific 2050 (all),I,A,Annual,SH_SAN_SAFE,"Proportion of population using safely managed sanitation
            services",TO,Tonga,_T,Total,_T,All ages,U,Urban,_T,Total,_T,All education levels,_T,All occupations,_Z,Not applicable,_T,No breakdown by disability,2022,,22.34,,PERCENT,percent,G,Global,_X,Not Available,,,,,,
DATAFLOW,SPC:DF_BP50(1.0),Blue Pacific 2050 (all),I,A,Annual,SH_TBS_INCD,Tuberculosis incidence,TO,Tonga,_T,Total,_T,All ages,_T,National,_T,Total,_T,All education levels,_T,All occupations,_Z,Not applicable,_T,No breakdown by disability,2023,,8.8,,PER_100000_POP,"per 100,000 population",G,Global,_X,Not Available,,,,,,
DATAFLOW,SPC:DF_BP50(1.0),Blue Pacific 2050 (all),I,A,Annual,SH_SAN_SAFE,"Proportion of population using safely managed sanitation
            services",PG,Papua New Guinea,_T,Total,_T,All ages,U,Urban,_T,Total,_T,All education levels,_T,All occupations,_Z,Not applicable,_T,No breakdown by disability,2022,,28.34,,PERCENT,percent,G,Global,_X,Not Available,,,,,,
DATAFLOW,SPC:DF_BP50(1.0),Blue Pacific 2050 (all),I,A,Annual,SH_STA_BRTC,Proportion of births attended by skilled health personnel,WS,Samoa,_T,Total,_T,All ages,_T,National,_T,Total,_T,All education levels,_T,All occupations,_Z,Not applicable,_T,No breakdown by disability,2020,,88.9,,PERCENT,percent,N,National,C,Country Data,"Samoa Bureau of Statistics. 2021. Samoa Demographic and Health - Multiple Indicator Cluster Survey 2019-20, Survey Findings Report. Apia, Samoa: Samoa Bureau of Statistics.",,,,,
DATAFLOW,SPC:DF_BP50(1.0),Blue Pacific 2050 (all),I,A,Annual,SH_ALC_CONSPT,"Alcohol consumption per capita (aged 15 years and older) within
            a calendar year",WS,Samoa,_T,Total,_T,All ages,_T,National,_T,Total,_T,All education levels,_T,All occupations,_Z,Not applicable,_T,No breakdown by disability,2020,,2.35,,LITRES_PURE_ALCOHOL,litres pure alcohol,G,Global,_X,Not Available,,,,,Data is for 2020 only; it is not a three-year average.,
DATAFLOW,SPC:DF_BP50(1.0),Blue Pacific 2050 (all),I,A,Annual,SH_DTH_NCD,"Mortality rate attributed to cardiovascular disease, cancer,
            diabetes or chronic respiratory disease",VU,Vanuatu,_T,Total,_T,All ages,_T,National,_T,Total,_T,All education levels,_T,All occupations,_Z,Not applicable,_T,No breakdown by disability,2021,,36.8,,PERCENT,percent,G,Global,_X,Not Available,,,,,"For this geography and year, some non-communicable disease deaths may be included in a separate category called ""other pandemic-related mortality"" due to lack of vital registration data. Estimates of this indicator for 2020 and 2021 may be underestimated, and need to be interpreted with caution.",
DATAFLOW,SPC:DF_BP50(1.0),Blue Pacific 2050 (all),I,A,Annual,SPC_3_8_1,Coverage of essential health services,SB,Solomon Islands,_T,Total,_T,All ages,_T,National,_T,Total,_T,All education levels,_T,All occupations,_Z,Not applicable,_T,No breakdown by disability,2021,,47.28,,INDEX,index,G,Global,_X,Not Available,,,,,,
DATAFLOW,SPC:DF_BP50(1.0),Blue Pacific 2050 (all),I,A,Annual,SH_H2O_IMPR,Population using an improved drinking water source,SB,Solomon Islands,_T,Total,_T,All ages,R,Rural,_T,Total,_T,All education levels,_T,All occupations,_Z,Not applicable,_T,No breakdown by disability,2015,,79.6,,RATIO_POP,ratio to total population,G,Global,E,Estimated,"WHO/UNICEF Joint Monitoring Programme for Water Supply, Sanitation and Hygiene (2017)",,,,,
DATAFLOW,SPC:DF_BP50(1.0),Blue Pacific 2050 (all),I,A,Annual,SH_STA_BRTC,Proportion of births attended by skilled health personnel,CK,Cook Islands,_T,Total,_T,All ages,_T,National,_T,Total,_T,All education levels,_T,All occupations,_Z,Not applicable,_T,No breakdown by disability,2009,,100,,PERCENT,percent,R,Regional,C,Country Data,Western Pacific Country Health Information Profiles: 2011 Revision. Manila: World Health Organization Regional Office for the Western Pacific (WPRO); 2011.,,,,,
DATAFLOW,SPC:DF_BP50(1.0),Blue Pacific 2050 (all),I,A,Annual,SH_SAN_SAFE,"Proportion of population using safely managed sanitation
            services",WS,Samoa,_T,Total,_T,All ages,R,Rural,_T,Total,_T,All education levels,_T,All occupations,_Z,Not applicable,_T,No breakdown by disability,2022,,44.25,,PERCENT,percent,G,Global,_X,Not Available,,,,,,
DATAFLOW,SPC:DF_BP50(1.0),Blue Pacific 2050 (all),I,A,Annual,SH_STA_WASH,"Mortality rate attributed to unsafe water, unsafe sanitation
            and lack of hygiene",FM,Micronesia (Federated States of),_T,Total,_T,All ages,_T,National,_T,Total,_T,All education levels,_T,All occupations,_Z,Not applicable,_T,No breakdown by disability,2019,,14,,PER_100000_POP,"per 100,000 population",G,Global,_X,Not Available,,,,,,
DATAFLOW,SPC:DF_BP50(1.0),Blue Pacific 2050 (all),I,A,Annual,SH_STA_WASH,"Mortality rate attributed to unsafe water, unsafe sanitation
            and lack of hygiene",TV,Tuvalu,_T,Total,_T,All ages,_T,National,_T,Total,_T,All education levels,_T,All occupations,_Z,Not applicable,_T,No breakdown by disability,2012,,0,,PER_100000_POP,"per 100,000 population",G,Global,E,Estimated,"Global Health Observatory (GHO), World Health Organisation (WHO)",,,,,
DATAFLOW,SPC:DF_BP50(1.0),Blue Pacific 2050 (all),I,A,Annual,BPI_MANAF5,Healthy food policies in schools,FM,Micronesia (Federated States of),_T,Total,_T,All ages,_T,National,_T,Total,_T,All education levels,_T,All occupations,_Z,Not applicable,_T,No breakdown by disability,2021,,0,,N,units,R,Regional,C,Country Data,Pacific Mana Dashboard https://pacificdata.org/health-dashboard,,,,,
DATAFLOW,SPC:DF_BP50(1.0),Blue Pacific 2050 (all),I,A,Annual,BPI_MANAP1,Compulsory physical education in school curriculum,TO,Tonga,_T,Total,_T,All ages,_T,National,_T,Total,_T,All education levels,_T,All occupations,_Z,Not applicable,_T,No breakdown by disability,2021,,3,,N,units,R,Regional,C,Country Data,Pacific Mana Dashboard https://pacificdata.org/health-dashboard,,,,,
DATAFLOW,SPC:DF_BP50(1.0),Blue Pacific 2050 (all),I,A,Annual,BPI_MANAP1,Compulsory physical education in school curriculum,KI,Kiribati,_T,Total,_T,All ages,_T,National,_T,Total,_T,All education levels,_T,All occupations,_Z,Not applicable,_T,No breakdown by disability,2021,,6,,N,units,R,Regional,C,Country Data,Pacific Mana Dashboard https://pacificdata.org/health-dashboard,,,,,
DATAFLOW,SPC:DF_BP50(1.0),Blue Pacific 2050 (all),I,A,Annual,SH_ALC_CONSPT,"Alcohol consumption per capita (aged 15 years and older) within
            a calendar year",NR,Nauru,_T,Total,_T,All ages,_T,National,_T,Total,_T,All education levels,_T,All occupations,_Z,Not applicable,_T,No breakdown by disability,2020,,2.79,,LITRES_PURE_ALCOHOL,litres pure alcohol,G,Global,_X,Not Available,,,,,Data is for 2020 only; it is not a three-year average.,
DATAFLOW,SPC:DF_BP50(1.0),Blue Pacific 2050 (all),I,A,Annual,SH_STA_WASH,"Mortality rate attributed to unsafe water, unsafe sanitation
            and lack of hygiene",SB,Solomon Islands,_T,Total,_T,All ages,_T,National,_T,Total,_T,All education levels,_T,All occupations,_Z,Not applicable,_T,No breakdown by disability,2019,,32.7,,PER_100000_POP,"per 100,000 population",G,Global,_X,Not Available,,,,,,
DATAFLOW,SPC:DF_BP50(1.0),Blue Pacific 2050 (all),I,A,Annual,BPI_MANAF5,Healthy food policies in schools,CK,Cook Islands,_T,Total,_T,All ages,_T,National,_T,Total,_T,All education levels,_T,All occupations,_Z,Not applicable,_T,No breakdown by disability,2021,,4,,N,units,R,Regional,C,Country Data,Pacific Mana Dashboard https://pacificdata.org/health-dashboard,,,,,
DATAFLOW,SPC:DF_BP50(1.0),Blue Pacific 2050 (all),I,A,Annual,SH_DTH_NCD,"Mortality rate attributed to cardiovascular disease, cancer,
            diabetes or chronic respiratory disease",PG,Papua New Guinea,_T,Total,_T,All ages,_T,National,_T,Total,_T,All education levels,_T,All occupations,_Z,Not applicable,_T,No breakdown by disability,2021,,28.5,,PERCENT,percent,G,Global,_X,Not Available,,,,,"For this geography and year, some non-communicable disease deaths may be included in a separate category called ""other pandemic-related mortality"" due to lack of vital registration data. Estimates of this indicator for 2020 and 2021 may be underestimated, and need to be interpreted with caution.",
DATAFLOW,SPC:DF_BP50(1.0),Blue Pacific 2050 (all),I,A,Annual,SH_STA_MALR,"Malaria incidence per 1,000 population at risk",TO,Tonga,_T,Total,_T,All ages,_T,National,_T,Total,_T,All education levels,_T,All occupations,_Z,Not applicable,_T,No breakdown by disability,2019,,0,,PER_1000_POP,"per 1,000 population",G,Global,_X,Not Available,,,,,,
DATAFLOW,SPC:DF_BP50(1.0),Blue Pacific 2050 (all),I,A,Annual,SH_SAN_SAFE,"Proportion of population using safely managed sanitation
            services",VU,Vanuatu,_T,Total,_T,All ages,U,Urban,_T,Total,_T,All education levels,_T,All occupations,_Z,Not applicable,_T,No breakdown by disability,2022,,29.84,,PERCENT,percent,G,Global,_X,Not Available,,,,,,
DATAFLOW,SPC:DF_BP50(1.0),Blue Pacific 2050 (all),I,A,Annual,SH_SAN_SAFE,"Proportion of population using safely managed sanitation
            services",KI,Kiribati,_T,Total,_T,All ages,U,Urban,_T,Total,_T,All education levels,_T,All occupations,_Z,Not applicable,_T,No breakdown by disability,2022,,24.6,,PERCENT,percent,G,Global,_X,Not Available,,,,,,
DATAFLOW,SPC:DF_BP50(1.0),Blue Pacific 2050 (all),I,A,Annual,SH_H2O_IMPR,Population using an improved drinking water source,VU,Vanuatu,_T,Total,_T,All ages,_T,National,_T,Total,_T,All education levels,_T,All occupations,_Z,Not applicable,_T,No breakdown by disability,2013,,90,,RATIO_POP,ratio to total population,N,National,C,Country Data,"Vanuatu NSO, Demographic and Health Survey 2013. (2014)",,,,,
DATAFLOW,SPC:DF_BP50(1.0),Blue Pacific 2050 (all),I,A,Annual,BPI_MANAP1,Compulsory physical education in school curriculum,VU,Vanuatu,_T,Total,_T,All ages,_T,National,_T,Total,_T,All education levels,_T,All occupations,_Z,Not applicable,_T,No breakdown by disability,2021,,2,,N,units,R,Regional,C,Country Data,Pacific Mana Dashboard https://pacificdata.org/health-dashboard,,,,,
DATAFLOW,SPC:DF_BP50(1.0),Blue Pacific 2050 (all),I,A,Annual,SH_SAN_SAFE,"Proportion of population using safely managed sanitation
            services",KI,Kiribati,_T,Total,_T,All ages,_T,National,_T,Total,_T,All education levels,_T,All occupations,_Z,Not applicable,_T,No breakdown by disability,2022,,24.79,,PERCENT,percent,G,Global,_X,Not Available,,,,,,
DATAFLOW,SPC:DF_BP50(1.0),Blue Pacific 2050 (all),I,A,Annual,SH_PRV_SMOK,"Age-standardised prevalence of current tobacco use among
            persons aged 15 years and older",VU,Vanuatu,_T,Total,_T,All ages,_T,National,_T,Total,_T,All education levels,_T,All occupations,_Z,Not applicable,_T,No breakdown by disability,2025,,17.8,,PERCENT,percent,G,Global,_X,Not Available,,,,,Projected from surveys completed prior to 2020. Tobacco use estimates are not available. Tobacco smoking estimates are substituted for missing tobacco use estimates on the assumption that there is little difference between the two measures in the country.,
DATAFLOW,SPC:DF_BP50(1.0),Blue Pacific 2050 (all),I,A,Annual,SH_STA_MALR,"Malaria incidence per 1,000 population at risk",NR,Nauru,_T,Total,_T,All ages,_T,National,_T,Total,_T,All education levels,_T,All occupations,_Z,Not applicable,_T,No breakdown by disability,2019,,0,,PER_1000_POP,"per 1,000 population",G,Global,_X,Not Available,,,,,,
DATAFLOW,SPC:DF_BP50(1.0),Blue Pacific 2050 (all),I,A,Annual,SPC_3_8_1,Coverage of essential health services,KI,Kiribati,_T,Total,_T,All ages,_T,National,_T,Total,_T,All education levels,_T,All occupations,_Z,Not applicable,_T,No breakdown by disability,2021,,47.71,,INDEX,index,G,Global,_X,Not Available,,,,,,
DATAFLOW,SPC:DF_BP50(1.0),Blue Pacific 2050 (all),I,A,Annual,SH_DTH_NCD,"Mortality rate attributed to cardiovascular disease, cancer,
            diabetes or chronic respiratory disease",NR,Nauru,_T,Total,_T,All ages,_T,National,_T,Total,_T,All education levels,_T,All occupations,_Z,Not applicable,_T,No breakdown by disability,2017,,30,,PERCENT,percent,N,National,C,Country Data,"Nauru Vital Statistics Report, 2015-17 (2019)",,,,,
DATAFLOW,SPC:DF_BP50(1.0),Blue Pacific 2050 (all),I,A,Annual,SH_H2O_IMPR,Population using an improved drinking water source,KI,Kiribati,_T,Total,_T,All ages,R,Rural,_T,Total,_T,All education levels,_T,All occupations,_Z,Not applicable,_T,No breakdown by disability,2018,,65.8,,PERCENT,percent,N,National,C,Country Data,"Kiribati National Statistics Office, Kiribati Social Development Indicator Survey 2018-19",,,,,
DATAFLOW,SPC:DF_BP50(1.0),Blue Pacific 2050 (all),I,A,Annual,SH_ALC_CONSPT,"Alcohol consumption per capita (aged 15 years and older) within
            a calendar year",TV,Tuvalu,_T,Total,_T,All ages,_T,National,_T,Total,_T,All education levels,_T,All occupations,_Z,Not applicable,_T,No breakdown by disability,2020,,1.26,,LITRES_PURE_ALCOHOL,litres pure alcohol,G,Global,_X,Not Available,,,,,Data is for 2020 only; it is not a three-year average.,
DATAFLOW,SPC:DF_BP50(1.0),Blue Pacific 2050 (all),I,A,Annual,SH_DTH_NCD,"Mortality rate attributed to cardiovascular disease, cancer,
            diabetes or chronic respiratory disease",WS,Samoa,_T,Total,_T,All ages,_T,National,_T,Total,_T,All education levels,_T,All occupations,_Z,Not applicable,_T,No breakdown by disability,2021,,32.3,,PERCENT,percent,G,Global,_X,Not Available,,,,,,
DATAFLOW,SPC:DF_BP50(1.0),Blue Pacific 2050 (all),I,A,Annual,SPC_3_8_1,Coverage of essential health services,TO,Tonga,_T,Total,_T,All ages,_T,National,_T,Total,_T,All education levels,_T,All occupations,_Z,Not applicable,_T,No breakdown by disability,2021,,56.69,,INDEX,index,G,Global,_X,Not Available,,,,,,
DATAFLOW,SPC:DF_BP50(1.0),Blue Pacific 2050 (all),I,A,Annual,SH_STA_WASH,"Mortality rate attributed to unsafe water, unsafe sanitation
            and lack of hygiene",MH,Marshall Islands,_T,Total,_T,All ages,_T,National,_T,Total,_T,All education levels,_T,All occupations,_Z,Not applicable,_T,No breakdown by disability,2012,,7.6,,PER_100000_POP,"per 100,000 population",G,Global,C,Country Data,UN Global Database,,,,,
DATAFLOW,SPC:DF_BP50(1.0),Blue Pacific 2050 (all),I,A,Annual,SH_TBS_INCD,Tuberculosis incidence,SB,Solomon Islands,_T,Total,_T,All ages,_T,National,_T,Total,_T,All education levels,_T,All occupations,_Z,Not applicable,_T,No breakdown by disability,2023,,55,,PER_100000_POP,"per 100,000 population",G,Global,_X,Not Available,,,,,,
DATAFLOW,SPC:DF_BP50(1.0),Blue Pacific 2050 (all),I,A,Annual,SH_STA_WASH,"Mortality rate attributed to unsafe water, unsafe sanitation
            and lack of hygiene",TO,Tonga,_T,Total,_T,All ages,_T,National,_T,Total,_T,All education levels,_T,All occupations,_Z,Not applicable,_T,No breakdown by disability,2019,,7.1,,PER_100000_POP,"per 100,000 population",G,Global,_X,Not Available,,,,,,
DATAFLOW,SPC:DF_BP50(1.0),Blue Pacific 2050 (all),I,A,Annual,SH_H2O_IMPR,Population using an improved drinking water source,NU,Niue,_T,Total,_T,All ages,_T,National,_T,Total,_T,All education levels,_T,All occupations,_Z,Not applicable,_T,No breakdown by disability,2016,,96.3,,RATIO_POP,ratio to total population,G,Global,E,Estimated,"WHO/UNICEF Joint Monitoring Programme for Water Supply, Sanitation and Hygiene (2017)",,,,,
DATAFLOW,SPC:DF_BP50(1.0),Blue Pacific 2050 (all),I,A,Annual,SH_STA_WASH,"Mortality rate attributed to unsafe water, unsafe sanitation
            and lack of hygiene",WS,Samoa,_T,Total,_T,All ages,_T,National,_T,Total,_T,All education levels,_T,All occupations,_Z,Not applicable,_T,No breakdown by disability,2019,,8.2,,PER_100000_POP,"per 100,000 population",G,Global,_X,Not Available,,,,,,
DATAFLOW,SPC:DF_BP50(1.0),Blue Pacific 2050 (all),I,A,Annual,SH_PRV_SMOK,"Age-standardised prevalence of current tobacco use among
            persons aged 15 years and older",WS,Samoa,_T,Total,_T,All ages,_T,National,_T,Total,_T,All education levels,_T,All occupations,_Z,Not applicable,_T,No breakdown by disability,2030,,18.2,,PERCENT,percent,G,Global,_X,Not Available,,,,,The most recent survey was conducted in 2019-20. This is a projection.,
DATAFLOW,SPC:DF_BP50(1.0),Blue Pacific 2050 (all),I,A,Annual,SPC_3_8_1,Coverage of essential health services,TV,Tuvalu,_T,Total,_T,All ages,_T,National,_T,Total,_T,All education levels,_T,All occupations,_Z,Not applicable,_T,No breakdown by disability,2021,,52.41,,INDEX,index,G,Global,_X,Not Available,,,,,,
DATAFLOW,SPC:DF_BP50(1.0),Blue Pacific 2050 (all),I,A,Annual,SH_H2O_IMPR,Population using an improved drinking water source,WS,Samoa,_T,Total,_T,All ages,_T,National,_T,Total,_T,All education levels,_T,All occupations,_Z,Not applicable,_T,No breakdown by disability,2015,,97.3,,RATIO_POP,ratio to total population,N,National,C,Country Data,Samoa Ministry of Natural Resources and  Environment - National Water and Sanitation Baseline Survey 2015,,,,,
DATAFLOW,SPC:DF_BP50(1.0),Blue Pacific 2050 (all),I,A,Annual,SH_ALC_CONSPT,"Alcohol consumption per capita (aged 15 years and older) within
            a calendar year",VU,Vanuatu,_T,Total,_T,All ages,_T,National,_T,Total,_T,All education levels,_T,All occupations,_Z,Not applicable,_T,No breakdown by disability,2020,,2.04,,LITRES_PURE_ALCOHOL,litres pure alcohol,G,Global,_X,Not Available,,,,,Data is for 2020 only; it is not a three-year average.,
DATAFLOW,SPC:DF_BP50(1.0),Blue Pacific 2050 (all),I,A,Annual,SH_H2O_IMPR,Population using an improved drinking water source,NR,Nauru,_T,Total,_T,All ages,_T,National,_T,Total,_T,All education levels,_T,All occupations,_Z,Not applicable,_T,No breakdown by disability,2013,,97.5,,RATIO_POP,ratio to total population,G,Global,E,Estimated,"WHO/UNICEF Joint Monitoring Programme for Water Supply, Sanitation and Hygiene (2017)",,,,,
DATAFLOW,SPC:DF_BP50(1.0),Blue Pacific 2050 (all),I,A,Annual,BPI_MANAP1,Compulsory physical education in school curriculum,TV,Tuvalu,_T,Total,_T,All ages,_T,National,_T,Total,_T,All education levels,_T,All occupations,_Z,Not applicable,_T,No breakdown by disability,2021,,4,,N,units,R,Regional,C,Country Data,Pacific Mana Dashboard https://pacificdata.org/health-dashboard,,,,,
DATAFLOW,SPC:DF_BP50(1.0),Blue Pacific 2050 (all),I,A,Annual,SH_STA_MALR,"Malaria incidence per 1,000 population at risk",VU,Vanuatu,_T,Total,_T,All ages,_T,National,_T,Total,_T,All education levels,_T,All occupations,_Z,Not applicable,_T,No breakdown by disability,2020,,2.96,,PER_1000_POP,"per 1,000 population",G,Global,CA,Country Adjusted,World malaria report 2021. Geneva: World Health Organization; 2021.,,,,,
DATAFLOW,SPC:DF_BP50(1.0),Blue Pacific 2050 (all),I,A,Annual,SH_PRV_SMOK,"Age-standardised prevalence of current tobacco use among
            persons aged 15 years and older",NR,Nauru,_T,Total,_T,All ages,_T,National,_T,Total,_T,All education levels,_T,All occupations,_Z,Not applicable,_T,No breakdown by disability,2030,,45,,PERCENT,percent,G,Global,_X,Not Available,,,,,The most recent survey was conducted in 2015-16. This is a projection.,
DATAFLOW,SPC:DF_BP50(1.0),Blue Pacific 2050 (all),I,A,Annual,SPC_3_8_1,Coverage of essential health services,MH,Marshall Islands,_T,Total,_T,All ages,_T,National,_T,Total,_T,All education levels,_T,All occupations,_Z,Not applicable,_T,No breakdown by disability,2021,,58.94,,INDEX,index,G,Global,_X,Not Available,,,,,,
DATAFLOW,SPC:DF_BP50(1.0),Blue Pacific 2050 (all),I,A,Annual,SH_DTH_NCD,"Mortality rate attributed to cardiovascular disease, cancer,
            diabetes or chronic respiratory disease",NU,Niue,_T,Total,_T,All ages,_T,National,_T,Total,_T,All education levels,_T,All occupations,_Z,Not applicable,_T,No breakdown by disability,2016,,18.5,,PERCENT,percent,N,National,C,Country Data,Niue Vital Statistics Report 2012-2016.Probability of dying from selected NCDs among 30-69 year olds,,,,,
DATAFLOW,SPC:DF_BP50(1.0),Blue Pacific 2050 (all),I,A,Annual,BPI_MANAF5,Healthy food policies in schools,FJ,Fiji,_T,Total,_T,All ages,_T,National,_T,Total,_T,All education levels,_T,All occupations,_Z,Not applicable,_T,No breakdown by disability,2021,,4,,N,units,R,Regional,C,Country Data,Pacific Mana Dashboard https://pacificdata.org/health-dashboard,,,,,
DATAFLOW,SPC:DF_BP50(1.0),Blue Pacific 2050 (all),I,A,Annual,SH_STA_WASH,"Mortality rate attributed to unsafe water, unsafe sanitation
            and lack of hygiene",KI,Kiribati,_T,Total,_T,All ages,_T,National,_T,Total,_T,All education levels,_T,All occupations,_Z,Not applicable,_T,No breakdown by disability,2019,,37.4,,PER_100000_POP,"per 100,000 population",G,Global,_X,Not Available,,,,,,
DATAFLOW,SPC:DF_BP50(1.0),Blue Pacific 2050 (all),I,A,Annual,SH_STA_BRTC,Proportion of births attended by skilled health personnel,PF,French Polynesia,_T,Total,_T,All ages,_T,National,_T,Total,_T,All education levels,_T,All occupations,_Z,Not applicable,_T,No breakdown by disability,2016,,99.7,,PERCENT,percent,N,National,C,Country Data,"French Polynesia, Sustainable Development Goals in French Polynesia 2021.",,,,,
DATAFLOW,SPC:DF_BP50(1.0),Blue Pacific 2050 (all),I,A,Annual,SH_STA_MORT,Maternal mortality ratio,PF,French Polynesia,_T,Total,_T,All ages,_T,National,_T,Total,_T,All education levels,_T,All occupations,_Z,Not applicable,_T,No breakdown by disability,2023,,0,,PER_100000_LIVE_BIRTHS,"per 100,000 live births",N,National,C,Country Data,"French Polynesia Government, preliminary 2023 Sustainable Development Goals in French Polynesia, 2024.",,,,,
DATAFLOW,SPC:DF_BP50(1.0),Blue Pacific 2050 (all),I,A,Annual,SH_PRV_SMOK,"Age-standardised prevalence of current tobacco use among
            persons aged 15 years and older",PF,French Polynesia,_T,Total,_T,All ages,_T,National,_T,Total,_T,All education levels,_T,All occupations,_Z,Not applicable,_T,No breakdown by disability,2023,,32,,PERCENT,percent,N,National,C,Country Data,"French Polynesia Government, preliminary 2023 Sustainable Development Goals in French Polynesia, 2024.",,,,"[PROXY] National prevalence, not age standardised",
DATAFLOW,SPC:DF_BP50(1.0),Blue Pacific 2050 (all),I,A,Annual,SH_HIV_INCD,"Number of new HIV infections per 1,000 uninfected population",PG,Papua New Guinea,_T,Total,_T,All ages,_T,National,_T,Total,_T,All education levels,_T,All occupations,_Z,Not applicable,_T,No breakdown by disability,2023,,0.65,,PER_1000_UNINFECTED_POP,"per 1,000 uninfected population",G,Global,E,Estimated,UNAIDS 2024 HIV ESTIMATES,,E,Estimated value,,
DATAFLOW,SPC:DF_BP50(1.0),Blue Pacific 2050 (all),I,A,Annual,SH_HIV_INCD,"Number of new HIV infections per 1,000 uninfected population",FJ,Fiji,_T,Total,_T,All ages,_T,National,_T,Total,_T,All education levels,_T,All occupations,_Z,Not applicable,_T,No breakdown by disability,2023,,0.4,,PER_1000_UNINFECTED_POP,"per 1,000 uninfected population",G,Global,E,Estimated,UNAIDS 2024 HIV ESTIMATES,,E,Estimated value,,
